vin,label
1VXMA82635D100001,Fleet Van 01
1VXMA82635D100002,Fleet Van 02
1VXMA82635D100003,Fleet Van 03
1VXMA82635D100004,Fleet Van 04
1VXMA82635D100005,Fleet Van 05
2CRST96748E200001,Sedan A-1
2CRST96748E200002,Sedan A-2
2CRST96748E200003,Sedan A-3
3NAVR11859F300001,Truck H-1
3NAVR11859F300002,Truck H-2
3NAVR11859F300003,Truck H-3
3NAVR11859F300004,Truck H-4
3NAVR11859F300005,Truck H-5
4UNKN55512G400001,Unknown Mfg Van
5XYZQ77834H500001,Mystery Sedan
INVALID_SHORT,Bad Row
1VXMA82635D100001,Duplicate Van
